,mutant,value
0,R220W,-2.373247326
1,D212W,-1.970395552
2,N134C,-3.421395372
3,N134K,-3.1263046
4,N134W,-3.258416571
5,N134E,-2.946909354
6,N134M,-2.975159889
7,G279Y,-2.126980805
8,M209E,-2.921396059
9,R220Y,-2.470586539
10,C75D,-2.621082525
11,D212I,-1.5658375430000002
12,D129Y,-2.8181358960000003
13,M184H,-2.983621742
14,G248D,-2.467998155
15,R220M,-2.584173075
16,D212K,-1.616297616
17,A132D,-2.770201187
18,G248N,-2.968898199
19,P224W,-1.887302746
20,N272W,-2.795166843
21,D212R,-2.395898308
22,G279H,-2.631557034
23,C75E,-2.657888088
24,K232P,-3.126311925
25,P181W,-2.912637008
26,D177Y,-2.381120951
27,R220F,-2.505385354
28,K232M,-2.459171476
29,A245D,-2.9315232960000004
30,G43P,-3.0906879760000003
31,L74W,-2.9034455239999994
32,E164F,-2.825797328
33,K232L,-3.171225127
34,A132K,-2.8224254930000003
35,N272C,-2.535906828000001
36,A215R,-1.642443334
37,V257Q,-2.905370818
38,D212Y,-1.978093856
39,N134A,-2.730906615
40,M209C,-1.152460299
41,P181F,-3.1775116910000003
42,K232H,-2.819360412
43,A132N,-2.693649685
44,K232D,-2.425335817
45,R220I,-2.353178169
46,M209P,-2.830617872
47,D129F,-2.827106995
48,V214R,-1.47282212
49,K232S,-3.110410689
50,G279N,-2.428784255
51,D177F,-2.845422823
52,M209K,-2.939565689
53,Y260E,-2.560872172
54,T69W,-3.047111258
55,P181H,-3.0345645880000003
56,T179W,-2.981145452
57,N134R,-3.074171492
58,R176F,-1.1687866000000002
59,V257E,-2.4418046559999995
60,L79P,-3.139544463
61,K232T,-2.748226992
62,T69K,-3.033836619
63,A132Q,-2.31524903
64,M209W,-2.349063279
65,G76E,-3.0537558010000003
66,N134P,-3.4871755
67,D212M,-1.668718507
68,D231W,-2.688892499
69,M209H,-2.875308652
70,L38Q,-1.495932181
71,R220N,-2.334290873
72,G234M,-2.433627533
73,G248K,-3.0922343660000005
74,L205R,-3.216264069
75,P181R,-3.5551807700000007
76,D177W,-3.193444419
77,M184D,-3.260115432
78,M184K,-3.088453138
79,M67K,-2.9693657910000004
80,A124K,-3.012923308
81,D212G,-1.068630148
82,A245Y,-2.698135226
83,D212A,-1.450938143
84,G279K,-2.47432449
85,D231M,-2.377438798
86,T147Y,-2.680316153
87,L205H,-2.728694618
88,M67D,-2.285650341
89,M184G,-2.794416557
90,D212E,-1.56686785
91,K71F,-2.9164472710000005
92,D212Q,-1.083375828
93,P181K,-3.084530684
94,F64A,-3.3888094310000003
95,L74H,-3.487305171
96,C121P,-3.3183298490000004
97,I93Q,-1.654153896
98,V72R,-2.923710155
99,G43K,-3.171122562
100,D212G,-1.068630148
101,L38K,-2.224309184
102,D212K,-1.616297616
103,D212G,-1.068630148
104,A215R,-1.642443334
105,D174C,-1.4579015780000002
106,R220N,-2.334290873
107,D212G,-1.068630148
108,D212M,-1.668718507
109,V214R,-1.47282212
110,D212M,-1.668718507
111,D212E,-1.56686785
112,E164F,-2.825797328
113,D212Q,-1.083375828
114,D212M,-1.668718507
115,D212Q,-1.083375828
116,M67D,-2.285650341
117,M268P,-0.665290805
118,D212G,-1.068630148
119,D212G,-1.068630148
120,I93Q,-1.654153896
121,L137E,-2.8850004460000003
122,M268P,-0.665290805
123,A215R,-1.642443334
124,D212M,-1.668718507
125,D212I,-1.5658375430000002
126,D174C,-1.4579015780000002
127,D212G,-1.068630148
128,D212A,-1.450938143
129,D212A,-1.450938143
130,M268P,-0.665290805
131,D212M,-1.668718507
132,D212M,-1.668718507
133,A215R,-1.642443334
134,D212I,-1.5658375430000002
135,M268P,-0.665290805
136,D212G,-1.068630148
137,D212A,-1.450938143
138,M268P,-0.665290805
139,V214R,-1.47282212
140,D212G,-1.068630148
141,D212G,-1.068630148
142,V214R,-1.47282212
143,D212G,-1.068630148
144,D212G,-1.068630148
145,D212G,-1.068630148
146,D212Q,-1.083375828
147,D212G,-1.068630148
148,V214R,-1.47282212
149,M268P,-0.665290805
150,V214R,-1.47282212
151,M268P,-0.665290805
152,D212G,-1.068630148
153,V214R,-1.47282212
154,M268P,-0.665290805
155,D212Q,-1.083375828
156,M268P,-0.665290805
157,M268P,-0.665290805
158,M268P,-0.665290805
159,M268P,-0.665290805
160,D212Q,-1.083375828
161,M209C,-1.152460299
162,D212M,-1.668718507
163,M268P,-0.665290805
164,D212Q,-1.083375828
165,M268P,-0.665290805
166,M268P,-0.665290805
167,V214R,-1.47282212
168,D212G,-1.068630148
169,V214R,-1.47282212
170,M268P,-0.665290805
171,M268P,-0.665290805
172,M268P,-0.665290805
173,D212Q,-1.083375828
174,M268P,-0.665290805
175,D212G,-1.068630148
176,D212Q,-1.083375828
177,M268P,-0.665290805
178,M268P,-0.665290805
179,M268P,-0.665290805
180,M268P,-0.665290805
181,M268P,-0.665290805
182,M268P,-0.665290805
183,M268P,-0.665290805
184,M268P,-0.665290805
185,D212G,-1.068630148
186,M268P,-0.665290805
187,M268P,-0.665290805
188,M268P,-0.665290805
189,M268P,-0.665290805
190,M268P,-0.665290805
191,M268P,-0.665290805
192,M268P,-0.665290805
193,M268P,-0.665290805
194,M268P,-0.665290805
195,L218D,-1.649850489
196,D212Q,-1.083375828
197,L38Q,-1.495932181
198,M268P,-0.665290805
199,M268P,-0.665290805
200,D212G,-1.068630148
201,D212G,-1.068630148
202,M268P,-0.665290805
203,M268P,-0.665290805
204,M268P,-0.665290805
205,D174C,-1.4579015780000002
206,D212Q,-1.083375828
207,M268P,-0.665290805
208,M268P,-0.665290805
209,M268P,-0.665290805
210,D212I,-1.5658375430000002
211,M268P,-0.665290805
212,M268P,-0.665290805
213,M268P,-0.665290805
214,L218D,-1.649850489
215,M268P,-0.665290805
216,D212Q,-1.083375828
217,M268P,-0.665290805
218,D212G,-1.068630148
219,M268P,-0.665290805
220,M268P,-0.665290805
221,D212G,-1.068630148
222,M268P,-0.665290805
223,V214R,-1.47282212
224,M268P,-0.665290805
225,M268P,-0.665290805
226,D212Q,-1.083375828
227,M268P,-0.665290805
228,M268P,-0.665290805
229,M268P,-0.665290805
230,D174C,-1.4579015780000002
231,M268P,-0.665290805
232,M268P,-0.665290805
233,D212G,-1.068630148
234,R176F,-1.1687866000000002
235,D212G,-1.068630148
236,M268P,-0.665290805
237,M268P,-0.665290805
238,M268P,-0.665290805
239,D212G,-1.068630148
240,M268P,-0.665290805
241,L38Q,-1.495932181
242,M268P,-0.665290805
243,M268P,-0.665290805
244,D212G,-1.068630148
245,D212G,-1.068630148
246,M268P,-0.665290805
247,M268P,-0.665290805
248,M268P,-0.665290805
249,M268P,-0.665290805
250,M268P,-0.665290805
251,D212Q,-1.083375828
252,M268P,-0.665290805
253,M268P,-0.665290805
254,M268P,-0.665290805
255,D174C,-1.4579015780000002
256,R176F,-1.1687866000000002
257,M268P,-0.665290805
258,M268P,-0.665290805
259,M268P,-0.665290805
260,M268P,-0.665290805
261,M268P,-0.665290805
262,M268P,-0.665290805
263,V214R,-1.47282212
264,M268P,-0.665290805
265,D212Q,-1.083375828
266,M268P,-0.665290805
267,M268P,-0.665290805
268,M268P,-0.665290805
269,M268P,-0.665290805
270,M268P,-0.665290805
271,M268P,-0.665290805
272,M268P,-0.665290805
273,M268P,-0.665290805
274,M268P,-0.665290805
275,M268P,-0.665290805
276,M268P,-0.665290805
277,M268P,-0.665290805
278,M268P,-0.665290805
279,M268P,-0.665290805
280,M268P,-0.665290805
281,M268P,-0.665290805
282,M268P,-0.665290805
283,M268P,-0.665290805
284,M268P,-0.665290805
285,D212Q,-1.083375828
286,M268P,-0.665290805
287,M268P,-0.665290805
288,M268P,-0.665290805
289,M268P,-0.665290805
290,M268P,-0.665290805
291,M268P,-0.665290805
292,M268P,-0.665290805
293,M268P,-0.665290805
294,D212Q,-1.083375828
295,M209C,-1.152460299
296,M268P,-0.665290805
297,M268P,-0.665290805
298,M268P,-0.665290805
299,M268P,-0.665290805
300,M268P,-0.665290805
301,M268P,-0.665290805
302,M268P,-0.665290805
303,M268P,-0.665290805
304,M268P,-0.665290805
305,M268P,-0.665290805
306,M268P,-0.665290805
307,M268P,-0.665290805
308,M268P,-0.665290805
309,M268P,-0.665290805
310,M268P,-0.665290805
311,D212Q,-1.083375828
312,M268P,-0.665290805
313,M268P,-0.665290805
314,D212Q,-1.083375828
315,M268P,-0.665290805
316,M268P,-0.665290805
317,M268P,-0.665290805
318,M268P,-0.665290805
319,M268P,-0.665290805
320,M268P,-0.665290805
321,M268P,-0.665290805
322,M268P,-0.665290805
323,D212Q,-1.083375828
324,M268P,-0.665290805
325,M268P,-0.665290805
326,M268P,-0.665290805
327,M268P,-0.665290805
328,M268P,-0.665290805
329,M268P,-0.665290805
330,M268P,-0.665290805
331,M268P,-0.665290805
332,M268P,-0.665290805
333,M268P,-0.665290805
334,M268P,-0.665290805
335,M268P,-0.665290805
336,M268P,-0.665290805
337,M268P,-0.665290805
338,M268P,-0.665290805
339,M268P,-0.665290805
340,M268P,-0.665290805
341,M268P,-0.665290805
342,M268P,-0.665290805
343,M268P,-0.665290805
344,M268P,-0.665290805
345,M268P,-0.665290805
346,M268P,-0.665290805
347,M268P,-0.665290805
348,M268P,-0.665290805
349,M268P,-0.665290805
350,M268P,-0.665290805
351,M268P,-0.665290805
352,M268P,-0.665290805
353,M268P,-0.665290805
354,M268P,-0.665290805
355,D212Q,-1.083375828
